scientificName,className,orderName,familyName,genusName,speciesName,redlistCategory,raster_stem,name_raster,match_raster,name_trait,match_trait,BodyMass.Value,Diet,diet_combo,density,home_range_size,dispersal_dist,min_patch_size,min_pop_size,alpha_q50,beta_q50,alpha_q16,beta_q16,alpha_q025,beta_q025,habitat_codes_suitable,habitats_level1,habitats_mixed
Gymnuromys roberti,MAMMALIA,RODENTIA,NESOMYIDAE,Gymnuromys,roberti,Least Concern,gymnuromys_roberti_bin,Gymnuromys roberti,original,Gymnuromys roberti,original,97.5,herbivore,NA,148.11001616212891,0.005265,0.4063377905142469,0.06751737835916162,3.3758689179580808,316384189.94621164,2.3902243776757386,83048858.28343403,2.1651814714404747,24192596.990939423,1.9577463284521706,"1.6, 1.9",Forest,Forest
Nesomys rufus,MAMMALIA,RODENTIA,NESOMYIDAE,Nesomys,rufus,Least Concern,nesomys_rufus_bin,Nesomys rufus,original,Nesomys rufus,original,162.5,herbivore,NA,125.15602551513318,0.008775,0.5245798318654654,0.07990026815601343,3.9950134078006716,336668888.5254312,2.437568230131222,92656589.56722301,2.2185952714712527,29034443.40628638,2.0212324751610673,"1.6, 1.9",Forest,Forest
Eliurus minor,MAMMALIA,RODENTIA,NESOMYIDAE,Eliurus,minor,Least Concern,eliurus_minor_bin,Eliurus minor,original,Eliurus minor,original,37.5,herbivore,NA,202.94614957404113,0.002025,0.252,0.04927415484841059,2.46370774242053,219959582.78411314,2.2630055166270013,55170719.59689019,2.0331524908954512,14447588.525012013,1.8123183169534047,"1.5, 1.6, 1.9",Forest,Forest
Eliurus majori,MAMMALIA,RODENTIA,NESOMYIDAE,Eliurus,majori,Least Concern,eliurus_majori_bin,Eliurus majori,original,Eliurus majori,original,100,herbivore,NA,146.87902795263258,0.0054,0.4115142767875739,0.0680832392438281,3.4041619621914054,318002463.5727239,2.392900022562533,83642110.85034245,2.1681076555744565,24448700.104635708,1.9611337492849195,1.9,Forest,Forest
Eliurus myoxinus,MAMMALIA,RODENTIA,NESOMYIDAE,Eliurus,myoxinus,Least Concern,eliurus_myoxinus_bin,Eliurus myoxinus,original,Eliurus myoxinus,original,70,herbivore,NA,165.20507274702595,0.0037800000000000004,0.3442975457362425,0.06053082894925829,3.0265414474629146,289222725.52909786,2.351530283174848,74265492.8390441,2.1238632117765475,20757326.381298143,1.9109497660719088,"1.5, 1.6",Forest,Forest
Eliurus tanala,MAMMALIA,RODENTIA,NESOMYIDAE,Eliurus,tanala,Least Concern,eliurus_tanala_bin,Eliurus tanala,original,Eliurus tanala,original,90,herbivore,NA,152.07008652679664,0.00486,0.3903967212977076,0.06575915243027021,3.2879576215135105,310835197.65367556,2.381513303752803,81097046.7318254,2.155721487274867,23375364.970217273,1.9468639632957976,"1.6, 1.9",Forest,Forest
Eliurus webbi,MAMMALIA,RODENTIA,NESOMYIDAE,Eliurus,webbi,Least Concern,eliurus_webbi_bin,Eliurus webbi,original,Eliurus webbi,original,75,herbivore,NA,161.4901252745226,0.00405,0.3563818177180199,0.06192329086995665,3.0961645434978324,295773095.5535546,2.3601746350007082,76240758.82855041,2.1329450040755633,21481393.691471025,1.9210769369353282,"1.6, 1.9",Forest,Forest
Cryptoprocta ferox,MAMMALIA,CARNIVORA,EUPLERIDAE,Cryptoprocta,ferox,Vulnerable,cryptoprocta_ferox_bin,Cryptoprocta ferox,original,Cryptoprocta ferox,original,9500,carnivore,NA,0.12315652412148677,4.837391872478359,12.316680117666502,81.19748483755177,4059.8742418775882,98294861.26811834,2.5230116467812076,40522353.265435904,2.352090798568694,18579502.98762151,2.203904298272732,"1.5, 1.6, 1.9",Forest,Forest
Fossa fossana,MAMMALIA,CARNIVORA,EUPLERIDAE,Fossa,fossana,Vulnerable,fossa_fossana_bin,Fossa fossana,original,Fossa fossana,original,1500,carnivore,NA,0.2834383468760153,0.6008509045955865,4.340816094712789,35.281041221900395,1764.0520610950198,219196928.7214428,2.5273623970148,77747206.41707599,2.341277140624345,32269842.427794408,2.1836625815537665,"1.5, 1.6, 1.9",Forest,Forest
Galidia elegans,MAMMALIA,CARNIVORA,EUPLERIDAE,Galidia,elegans,Least Concern,galidia_elegans_bin,Galidia elegans,original,Galidia elegans,original,800,carnivore,NA,0.3487014502905999,0.29530804732566573,3.043166174255503,28.67782738404508,1433.891369202254,280179112.03805584,2.5233473409715197,91744872.2715636,2.32720281717317,35431526.484558776,2.1598370546204118,"1.5, 1.6, 1.9",Forest,Forest
Echinops telfairi,MAMMALIA,AFROSORICIDA,TENRECIDAE,Echinops,telfairi,Least Concern,echinops_telfairi_bin,Echinops telfairi,original,Echinops telfairi,original,180,omnivore,NA,48.16419663490681,0.00972,0.5521043379652074,0.20762310385454535,10.381155192727267,337829359.01893437,2.4455718302943055,93977511.58625685,2.2280054647168055,29898073.411411814,2.032779265563118,"1.5, 2.1, 3.5, 4.5","Forest, Savanna, Shrubland, Grassland","Forest, Savanna, Shrubland, Grassland"
Hemicentetes semispinosus,MAMMALIA,AFROSORICIDA,TENRECIDAE,Hemicentetes,semispinosus,Least Concern,hemicentetes_semispinosus_bin,Hemicentetes semispinosus,original,Hemicentetes semispinosus,original,137.8,carnivore,NA,59.74060577077192,0.04047018712471789,1.1265633884656259,0.1673903347811799,8.369516739058994,332877079.982311,2.4237157250929227,90106136.3501064,2.2025824345320753,27558728.90719182,2.001828848843387,"1.6, 1.9, 16, 3.5","Forest, Introduced Vegetation, Shrubland","Forest, Introduced Vegetation, Shrubland"
Microgale brevicaudata,MAMMALIA,AFROSORICIDA,TENRECIDAE,Microgale,brevicaudata,Least Concern,microgale_brevicaudata_bin,Microgale brevicaudata,original,Microgale brevicaudata,original,11.3,carnivore,NA,136.24699224016715,0.0023975199946503854,0.27420107044327174,0.0733961156542279,3.6698057827113955,97386039.60377808,2.0588776848165833,24148009.876659676,1.8304875753103205,5639195.933247245,1.599407781026229,"1.5, 1.6, 3.5","Forest, Shrubland","Forest, Shrubland"
Microgale cowani,MAMMALIA,AFROSORICIDA,TENRECIDAE,Microgale,cowani,Least Concern,microgale_cowani_bin,Microgale cowani,original,Microgale cowani,original,13.8,carnivore,NA,127.5595573011519,0.003005017214575895,0.3069810089388268,0.0783947530986743,3.9197376549337153,114758340.88663545,2.095844236997357,28401669.180183556,1.86660790500988,6750010.134657136,1.6366621048961705,"1.6, 1.9, 14.3, 14.6","Forest, Artificial - Terrestrial","Forest, Artificial - Terrestrial, Plantations & Heavily Degraded Former Forest"
Nesogale dobsoni,MAMMALIA,AFROSORICIDA,TENRECIDAE,Nesogale,dobsoni,Least Concern,nesogale_dobsoni_bin,Nesogale dobsoni,original,Microgale dobsoni,synonym,38,carnivore,NA,91.34778764829763,0.00943928417121176,0.5440734799723295,0.10947172621740404,5.473586310870202,221467622.4835983,2.26501605486401,55570640.92507257,2.035190561800541,14572033.406458115,1.8145091547462293,"1.6, 1.9, 14.3, 14.6","Forest, Artificial - Terrestrial","Forest, Artificial - Terrestrial, Plantations & Heavily Degraded Former Forest"
Microgale gymnorhyncha,MAMMALIA,AFROSORICIDA,TENRECIDAE,Microgale,gymnorhyncha,Least Concern,microgale_gymnorhyncha_bin,Microgale gymnorhyncha,original,Microgale gymnorhyncha,original,18.2,carnivore,NA,116.43712907574029,0.004108320012180561,0.35893859583775933,0.08588325802412371,4.294162901206185,141271185.56550276,2.1451245056719546,34968154.940764755,1.9151395311950243,8525433.554964134,1.6871777906514152,"1.6, 1.9",Forest,Forest
Microgale longicaudata,MAMMALIA,AFROSORICIDA,TENRECIDAE,Microgale,longicaudata,Least Concern,microgale_longicaudata_bin,Microgale longicaudata,original,Microgale longicaudata,original,7.3,carnivore,NA,157.35481797847387,0.0014633170354994226,0.21421863185367862,0.06355064387903267,3.1775321939516332,65172512.53290196,1.974221536214513,16333297.978633154,1.7486237129441773,3681986.872730205,1.5160169125369245,"1.6, 1.9",Forest,Forest
Microgale parvula,MAMMALIA,AFROSORICIDA,TENRECIDAE,Microgale,parvula,Least Concern,microgale_parvula_bin,Microgale parvula,original,Microgale parvula,original,3.4,carnivore,NA,202.4290041702254,6.170989008586973e-4,0.13911226233128676,0.049400035538340444,2.470001776917022,28064673.252487823,1.8160153606243914,7318932.9166030465,1.5981769346182573,1567096.0057175632,1.3660448678131727,"1.6, 1.9",Forest,Forest
Microgale principula,MAMMALIA,AFROSORICIDA,TENRECIDAE,Microgale,principula,Least Concern,microgale_principula_bin,Microgale principula,original,Microgale principula,original,10.2,carnivore,NA,140.92538540910084,0.0021355108912895883,0.25878489436371954,0.07095953628915326,3.547976814457663,89110630.48505862,2.039499130776182,22132963.686199456,1.811645819395325,5123985.581676822,1.5800878874212703,1.6,Forest,Forest
Microgale soricoides,MAMMALIA,AFROSORICIDA,TENRECIDAE,Microgale,soricoides,Least Concern,microgale_soricoides_bin,Microgale soricoides,original,Microgale soricoides,original,18.7,carnivore,NA,115.40149212334438,0.004236084473857499,0.36447717226209264,0.08665399221451761,4.33269961072588,144005668.71129867,2.1498290789975467,35651255.43165562,1.919796210182334,8714309.403477054,1.6920531585068657,"1.6, 1.9",Forest,Forest
Microgale taiva,MAMMALIA,AFROSORICIDA,TENRECIDAE,Microgale,taiva,Least Concern,microgale_taiva_bin,Microgale taiva,original,Microgale taiva,original,12.4,carnivore,NA,132.1380011530052,0.0026628708334901076,0.28897686644132914,0.07567845670997249,3.7839228354986245,105263503.83274141,2.0762003630121817,26072584.32800351,1.8473842163012302,6137912.766492312,1.616799038338323,"1.6, 1.9",Forest,Forest
Nesogale talazaci,MAMMALIA,AFROSORICIDA,TENRECIDAE,Nesogale,talazaci,Least Concern,nesogale_talazaci_bin,Nesogale talazaci,original,Microgale talazaci,synonym,48,carnivore,NA,84.57702778570534,0.012290971024784467,0.6208420502327793,0.11823541523990673,5.911770761995337,248049092.9958403,2.2995871396095904,62715617.4781832,2.07037632832143,16845555.185027298,1.8524955264907395,"1.6, 1.9",Forest,Forest
Oryzorictes hova,MAMMALIA,AFROSORICIDA,TENRECIDAE,Oryzorictes,hova,Least Concern,oryzorictes_hova_bin,Oryzorictes hova,original,Oryzorictes hova,original,36.5,carnivore,NA,92.56863746293062,0.00901933532139757,0.5318330148449114,0.10802794849394352,5.401397424697176,216884219.13073155,2.258885952766051,54356854.52981715,2.028979288982752,14195233.132980702,1.807835515945319,"1.6, 1.9, 14.1, 14.4, 15.7, 15.8, 5.4, 5.5","Forest, Artificial - Terrestrial, Artificial - Aquatic, Wetlands (inland)","Forest, Artificial - Terrestrial, Artificial - Aquatic, Wetlands (inland), Arable & Pastureland, Urban & Rural Gardens"
Setifer setosus,MAMMALIA,AFROSORICIDA,TENRECIDAE,Setifer,setosus,Least Concern,setifer_setosus_bin,Setifer setosus,original,Setifer setosus,original,294,carnivore,NA,46.53525457057885,0.09528314424579039,1.7286062025655198,0.21489084119725296,10.744542059862649,333196361.32229376,2.4790051242750546,97761261.89680588,2.2684940962346594,33388067.720571954,2.083416408506895,"1.5, 1.6, 1.9, 2.1, 2.2, 3.5, 3.6, 3.7, 4.5, 4.7","Forest, Savanna, Shrubland, Grassland","Forest, Savanna, Shrubland, Grassland"
Tenrec ecaudatus,MAMMALIA,AFROSORICIDA,TENRECIDAE,Tenrec,ecaudatus,Least Concern,tenrec_ecaudatus_bin,Tenrec ecaudatus,original,Tenrec ecaudatus,original,868,carnivore,NA,32.56786471901219,0.3238253816670059,3.186716800890425,0.3070511403273634,15.35255701636817,272517001.2004836,2.5246029022891006,90155045.69340381,2.329771409207141,35161122.598766126,2.163768752141824,"1.5, 1.6, 1.9, 14.1, 14.2, 14.3, 14.4, 14.5, 2.1, 2.2, 3.5, 3.6, 3.7, 4.5, 4.7","Forest, Artificial - Terrestrial, Savanna, Shrubland, Grassland","Forest, Artificial - Terrestrial, Savanna, Shrubland, Grassland, Arable & Pastureland, Plantations & Heavily Degraded Former Forest, Urban & Rural Gardens"
Eulemur cinereiceps,MAMMALIA,PRIMATES,LEMURIDAE,Eulemur,cinereiceps,Critically Endangered,eulemur_fulvus_bin,Eulemur fulvus,synonym,Eulemur cinereiceps,original,2114.06,herbivore,NA,58.23465816737349,0.11415924,1.8920977158698753,0.17171904695067985,8.585952347533993,189067461.83166912,2.5270236652597897,69864664.62564476,2.345891594280933,29975480.43934104,2.192523358885052,"1.6, 1.9",Forest,Forest
Eulemur collaris,MAMMALIA,PRIMATES,LEMURIDAE,Eulemur,collaris,Endangered,eulemur_fulvus_bin,Eulemur fulvus,synonym,Eulemur collaris,original,2375,herbivore,NA,40.424824734291626,0.12825,2.005472512900638,0.24737274844675297,12.368637422337649,180016965.86295703,2.527084018984541,67374982.43103778,2.34745480635903,29189504.884555306,2.1952895908554013,"1.6, 1.9",Forest,Forest
Eulemur fulvus,MAMMALIA,PRIMATES,LEMURIDAE,Eulemur,fulvus,Vulnerable,eulemur_fulvus_bin,Eulemur fulvus,original,Eulemur fulvus,original,3150,herbivore,NA,59.59748171511354,0.1701,2.3096181502577435,0.16779232464555738,8.389616232277868,160940943.73007736,2.5284197632097998,61920840.88996444,2.3519390068121306,27357473.274349388,2.2021058610160056,"1.5, 1.6, 1.9",Forest,Forest
Eulemur rufus,MAMMALIA,PRIMATES,LEMURIDAE,Eulemur,rufus,Vulnerable,eulemur_rufus_bin,Eulemur rufus,original,Eulemur rufus,original,2394.62,herbivore,NA,54.93126158130585,0.12930947999999998,2.0137391322611773,0.1820457006107282,9.10228503053641,179402552.68719143,2.5270964348215084,67203806.37942663,2.3475693395046666,29134366.06017982,2.1954841092032225,1.5,Forest,Forest
Hapalemur griseus,MAMMALIA,PRIMATES,LEMURIDAE,Hapalemur,griseus,Vulnerable,hapalemur_griseus_bin,Hapalemur griseus,original,Hapalemur griseus,original,1400,herbivore,NA,54.391917789203944,0.0756,1.5397454335051621,0.18385084414112834,9.192542207056416,225749682.92100707,2.527373545234057,79381415.65809572,2.3402211868279155,32707204.36144292,2.1816429275536757,"1.6, 1.9",Forest,Forest
Indri indri,MAMMALIA,PRIMATES,INDRIIDAE,Indri,indri,Critically Endangered,indri_indri_bin,Indri indri,original,Indri indri,original,8000,herbivore,NA,8.849946203870715,0.432,3.680695586434716,1.1299503714074877,56.49751857037438,106974024.76765059,2.525299747414367,43715694.34700966,2.3539084783018542,19987676.764520973,2.2060589885189263,"1.6, 1.9",Forest,Forest
Lepilemur edwardsi,MAMMALIA,PRIMATES,LEPILEMURIDAE,Lepilemur,edwardsi,Endangered,lepilemur_edwardsi_bin,Lepilemur edwardsi,original,Lepilemur edwardsi,original,700,herbivore,NA,65.07559330442751,0.0378,1.0887644373325205,0.15366744261891555,7.683372130945777,292044824.1114423,2.5206030393410197,94071938.79657747,2.322341458518584,35747434.11944563,2.1527090077599187,1.5,Forest,Forest
Lepilemur leucopus,MAMMALIA,PRIMATES,LEPILEMURIDAE,Lepilemur,leucopus,Endangered,lepilemur_leucopus_bin,Lepilemur leucopus,original,Lepilemur leucopus,original,650,herbivore,NA,58.61131711587014,0.0351,1.0491596637309308,0.17061551406924974,8.530775703462487,298144858.13149875,2.518667352124528,95187723.8228789,2.3192557713916764,35847812.54203541,2.148352122126864,1.5,Forest,Forest
Lepilemur ruficaudatus,MAMMALIA,PRIMATES,LEPILEMURIDAE,Lepilemur,ruficaudatus,Critically Endangered,lepilemur_ruficaudatus_bin,Lepilemur ruficaudatus,original,Lepilemur ruficaudatus,original,700,herbivore,NA,75.46057989710836,0.0378,1.0887644373325205,0.1325195222940925,6.625976114704625,292044824.1114423,2.5206030393410197,94071938.79657747,2.322341458518584,35747434.11944563,2.1527090077599187,1.5,Forest,Forest
Varecia variegata,MAMMALIA,PRIMATES,LEMURIDAE,Varecia,variegata,Critically Endangered,varecia_variegata_bin,Varecia variegata,original,Varecia variegata,original,3850,herbivore,NA,29.526767878192135,0.2079,2.553378937799871,0.33867574132236106,16.933787066118054,148701680.8000068,2.5293960837952483,58152789.18508627,2.3546233860932633,25969818.905963067,2.2059027192334377,"1.6, 1.9",Forest,Forest
Varecia rubra,MAMMALIA,PRIMATES,LEMURIDAE,Varecia,rubra,Critically Endangered,varecia_variegata_bin,Varecia variegata,synonym,Varecia rubra,original,3872.6,herbivore,NA,45.38209735639321,0.20912039999999998,2.560862304771578,0.2203512085717045,11.017560428585226,148346599.98866683,2.529408863960132,58039366.84826692,2.3546793078432104,25926456.67592236,2.2059845377862404,1.6,Forest,Forest
Cheirogaleus medius,MAMMALIA,PRIMATES,CHEIROGALEIDAE,Cheirogaleus,medius,Vulnerable,cheirogaleus_medius_bin,Cheirogaleus medius,original,Cheirogaleus medius,original,181,herbivore,NA,269.93704983019484,0.009774,0.553635836990345,0.037045674190669814,1.8522837095334905,337867810.6318408,2.445993425517649,94043463.81993143,2.2285044099450504,29943635.13608632,2.033394336135091,1.5,Forest,Forest
Cheirogaleus major,MAMMALIA,PRIMATES,CHEIROGALEIDAE,Cheirogaleus,major,Vulnerable,cheirogaleus_major_bin,Cheirogaleus major,original,Cheirogaleus major,original,450,herbivore,NA,97.02528552092588,0.0243,0.8729536070147141,0.10306591674850836,5.153295837425418,320545814.6960328,2.503809301823039,98284141.27354074,2.299119234696295,35425421.96561557,2.1218947489197975,1.6,Forest,Forest
Microcebus rufus,MAMMALIA,PRIMATES,CHEIROGALEIDAE,Microcebus,rufus,Vulnerable,microcebus_rufus_bin,Microcebus rufus,original,Microcebus rufus,original,42.5,omnivore,NA,181.33957459533477,0.002295,0.268274486300878,0.055145160797444956,2.757258039872248,234219300.73035175,2.281788286208237,58974967.322031766,2.052227421091775,15643290.10268437,1.8328634286593486,"1.6, 1.9, 14.3","Forest, Artificial - Terrestrial","Forest, Artificial - Terrestrial, Plantations & Heavily Degraded Former Forest"
Randia pseudozosterops,AVES,PASSERIFORMES,BERNIERIDAE,Randia,pseudozosterops,Near Threatened,randia_pseudozosterops_bin,Randia pseudozosterops,original,Randia pseudozosterops,original,11,Invertebrate,100_0_0,60.92386369001319,0.0407,2.4209089202198415,0.16413929442953612,8.206964721476806,421348184.2685791,2.739542749179195,15545475.609882593,2.1741424355608703,741695.538362456,1.6701309214767033,1.6,Forest,Forest
Accipiter madagascariensis,AVES,ACCIPITRIFORMES,ACCIPITRIDAE,Accipiter,madagascariensis,Near Threatened,accipiter_madagascariensis_bin,Accipiter madagascariensis,original,Accipiter madagascariensis,original,180.41,VertFishScav,20_0_80,1.0677418709878939,3.032450916663559,20.896720603950097,9.36555947810478,468.277973905239,289278.1391563572,1.5248421935252652,57647.086839486685,1.2690614608065636,12326.925287745964,1.0377388768788467,"1.5, 1.6, 1.9, 3.5","Forest, Shrubland","Forest, Shrubland"
Coua coquereli,AVES,CUCULIFORMES,CUCULIDAE,Coua,coquereli,Least Concern,coua_coquereli_bin,Coua coquereli,original,Coua coquereli,original,160,Invertebrate,80_20_0,7.991056771835508,0.5920000000000001,9.232984349602246,1.2513989432843244,62.569947164216224,55412622.379752904,2.545062911785769,11232587.746538457,2.2462352691950023,2250502.4097709786,1.9537915437828817,"1.5, 3.5","Forest, Shrubland","Forest, Shrubland"
Coua serriana,AVES,CUCULIFORMES,CUCULIDAE,Coua,serriana,Least Concern,coua_serriana_bin,Coua serriana,original,Coua serriana,original,293,FruiNect,10_90_0,6.646871051011388,1.0841,12.494414752200282,1.5044672784013766,75.22336392006882,494534.31128239824,1.6449612894390535,147579.09820965296,1.44527711018747,44363.89802058451,1.258666635603281,1.6,Forest,Forest
Coua cursor,AVES,CUCULIFORMES,CUCULIDAE,Coua,cursor,Least Concern,coua_cursor_bin,Coua cursor,original,Coua cursor,original,110,Invertebrate,100_0_0,5.26571754029788,0.40700000000000003,7.65558619571356,1.8990764171209806,94.95382085604903,130088520.92932263,2.706953110607501,22472230.176491868,2.364987073447697,3564337.7095640595,2.031849580062039,"1.5, 3.5, 3.6","Forest, Shrubland","Forest, Shrubland"
Apus balstoni,AVES,CAPRIMULGIFORMES,APODIDAE,Apus,balstoni,Least Concern,apus_balstoni_bin,Apus balstoni,original,Apus balstoni,original,42.8,Invertebrate,100_0_0,11.264041895183897,0.15836,4.7753366373481985,0.8877807889080778,44.38903944540389,218343381.41000247,2.726846157820697,23744981.37568624,2.320026227973549,2112079.2479943973,1.9059006470278073,"1.6, 1.9, 13.1","Forest, Marine Coastal/Supratidal","Forest, Marine Coastal/Supratidal"
Asio madagascariensis,AVES,STRIGIFORMES,STRIGIDAE,Asio,madagascariensis,Least Concern,asio_madagascariensis_bin,Asio madagascariensis,original,Asio madagascariensis,original,407,VertFishScav,0_0_100,2.759463708633502,7.6043303811880785,33.0911404289892,3.623892558801595,181.19462794007976,32214.440786255615,1.1879762096307755,7917.269117660253,0.9696375593119096,2991.8003397691014,0.8217014983731625,"1.5, 1.6, 14.6","Forest, Artificial - Terrestrial","Forest, Artificial - Terrestrial, Plantations & Heavily Degraded Former Forest"
Philepitta castanea,AVES,PASSERIFORMES,PHILEPITTIDAE,Philepitta,castanea,Least Concern,philepitta_castanea_bin,Philepitta castanea,original,Philepitta castanea,original,35.4,FruiNect,0_100_0,70.0567703174196,0.13098,4.342939096971083,0.14274137895154299,7.137068947577149,233972.9301906502,1.4263387270781707,24641.376582855304,1.097870041421516,3781.2013447999902,0.83339882433534,"1.6, 1.9, 14.6","Forest, Artificial - Terrestrial","Forest, Artificial - Terrestrial, Plantations & Heavily Degraded Former Forest"
Neodrepanis coruscans,AVES,PASSERIFORMES,PHILEPITTIDAE,Neodrepanis,coruscans,Least Concern,neodrepanis_coruscans_bin,Neodrepanis coruscans,original,Neodrepanis coruscans,original,6.5,FruiNect,20_80_0,124.9283756619942,0.02405,1.8609674903124986,0.080045865857217,4.00229329286085,3780794.6988338362,1.8087836185990331,78808.71676216686,1.24610428273096,4652.894799993355,0.8483634686745477,"1.6, 1.9",Forest,Forest
Foudia madagascariensis,AVES,PASSERIFORMES,PLOCEIDAE,Foudia,madagascariensis,Least Concern,foudia_madagascariensis_bin,Foudia madagascariensis,original,Foudia madagascariensis,original,16.59,PlantSeed,20_80_0,72.9177462297743,0.06138300000000001,2.973071139411232,0.1371408267130002,6.85704133565001,3250729.921837361,1.8345682939612706,151316.7261597135,1.3749526209813137,15232.954199331947,1.0384904293537671,"1.5, 1.6, 14.1, 14.2, 14.4, 14.5, 14.6, 2.1, 3.5, 3.6","Forest, Artificial - Terrestrial, Savanna, Shrubland","Forest, Artificial - Terrestrial, Savanna, Shrubland, Arable & Pastureland, Plantations & Heavily Degraded Former Forest, Urban & Rural Gardens"
Hartlaubius auratus,AVES,PASSERIFORMES,STURNIDAE,Hartlaubius,auratus,Least Concern,hartlaubius_auratus_bin,Hartlaubius auratus,original,Saroglossa aurata,synonym,40.5,FruiNect,20_80_0,60.464513724948816,0.14985,4.645255644203019,0.1653862635113496,8.269313175567481,2745940.147143597,1.854808102954481,263519.16351163667,1.4913244550117382,40573.057141741585,1.2108614037101812,"1.5, 1.6, 3.5","Forest, Shrubland","Forest, Shrubland"
Foudia omissa,AVES,PASSERIFORMES,PLOCEIDAE,Foudia,omissa,Least Concern,foudia_omissa_bin,Foudia omissa,original,Foudia omissa,original,18.9,Omnivore,30_70_0,60.96756641505051,0.06993,3.173313725429618,0.16402163622413163,8.201081811206581,8485552.57660752,2.014528062831744,455039.4208881295,1.5608202859688425,40719.511039870864,1.2004886035840183,"1.6, 1.9",Forest,Forest
Ploceus nelicourvi,AVES,PASSERIFORMES,PLOCEIDAE,Ploceus,nelicourvi,Least Concern,ploceus_nelicourvi_bin,Ploceus nelicourvi,original,Ploceus nelicourvi,original,23.8,Invertebrate,90_10_0,44.407605862132975,0.08806000000000001,3.5609886267720654,0.2251866500312089,11.259332501560445,220057697.09635004,2.674326210704444,16477927.898835294,2.2201085362665722,1257484.2819922017,1.7865431830638314,1.6,Forest,Forest
Accipiter henstii,AVES,ACCIPITRIFORMES,ACCIPITRIDAE,Accipiter,henstii,Vulnerable,accipiter_henstii_bin,Accipiter henstii,original,Accipiter henstii,original,1050,VertFishScav,0_0_100,0.5853468169328598,22.190301481831508,56.527899424830366,17.083888919732548,854.1944459866273,37899.11729245305,1.2451088944439066,10673.818011437867,1.0432082870901618,4371.09422019189,0.9022030578595469,"1.5, 1.6, 1.9, 14.3, 2.1","Forest, Artificial - Terrestrial, Savanna","Forest, Artificial - Terrestrial, Savanna, Plantations & Heavily Degraded Former Forest"
Newtonia amphichroa,AVES,PASSERIFORMES,VANGIDAE,Newtonia,amphichroa,Least Concern,newtonia_amphichroa_bin,Newtonia amphichroa,original,Newtonia amphichroa,original,12.3,Invertebrate,100_0_0,49.72611171842439,0.04551,2.5599687498092627,0.20110158736370343,10.055079368185172,398864071.72875375,2.7386206419566057,16426701.386809684,2.189238892591435,826280.7739809509,1.6926936283127099,"1.6, 1.9, 14.6","Forest, Artificial - Terrestrial","Forest, Artificial - Terrestrial, Plantations & Heavily Degraded Former Forest"
Eulemur albifrons,MAMMALIA,PRIMATES,LEMURIDAE,Eulemur,albifrons,Vulnerable,eulemur_albifrons_bin,Eulemur albifrons,original,Eulemur albifrons,original,2300,herbivore,NA,55.09936059119869,0.12419999999999999,1.9735531409110827,0.18149030937388685,9.074515468694344,182445844.97744966,2.5270469664392112,68048945.8560877,2.3470141090911696,29405210.991937898,2.1945304367057665,"1.6, 1.9",Forest,Forest
Eulemur sanfordi,MAMMALIA,PRIMATES,LEMURIDAE,Eulemur,sanfordi,Endangered,eulemur_fulvus_bin,Eulemur fulvus,synonym,Eulemur sanfordi,original,2394.03,herbivore,NA,87.37468975315778,0.12927762,2.0134910387682385,0.11444961954372597,5.722480977186298,179420905.69792086,2.527096044869771,67208923.60511129,2.347565899225313,29136016.493727233,2.195478283179458,"1.5, 1.6, 1.9",Forest,Forest
Hapalemur alaotrensis,MAMMALIA,PRIMATES,LEMURIDAE,Hapalemur,alaotrensis,Critically Endangered,hapalemur_griseus_bin,Hapalemur griseus,synonym,Hapalemur alaotrensis,original,1616.83,herbivore,NA,62.47357346613782,0.08730882,1.6546916918870413,0.16006768054368203,8.003384027184103,212231798.61458197,2.5272997120943916,75978892.41612975,2.342351943545995,31781207.807021245,2.1857464457047846,5.4,Wetlands (inland),Wetlands (inland)
Eulemur coronatus,MAMMALIA,PRIMATES,LEMURIDAE,Eulemur,coronatus,Endangered,eulemur_coronatus_bin,Eulemur coronatus,original,Eulemur coronatus,original,1650,herbivore,NA,88.64731987197375,0.0891,1.6715788943391214,0.11280656893453972,5.640328446726986,210377935.61080793,2.5272768544894966,75502814.48263243,2.342632534736283,31647008.63004262,2.1862929861718055,"1.5, 1.6, 1.9",Forest,Forest
Microcebus murinus,MAMMALIA,PRIMATES,CHEIROGALEIDAE,Microcebus,murinus,Least Concern,microcebus_murinus_bin,Microcebus murinus,original,Microcebus murinus,original,69,omnivore,NA,168.24318653705976,0.003726,0.34182943114951353,0.059437771037445554,2.9718885518722775,287800046.99940395,2.3496866204846656,73844750.35392027,2.1219362134255264,20606056.556632686,1.908811826202906,"1.5, 3.5","Forest, Shrubland","Forest, Shrubland"
Eulemur rubriventer,MAMMALIA,PRIMATES,LEMURIDAE,Eulemur,rubriventer,Vulnerable,eulemur_rubriventer_bin,Eulemur rubriventer,original,Eulemur rubriventer,original,1400,herbivore,NA,95.17590492661624,0.0756,1.5397454335051621,0.10506860962036904,5.253430481018452,225749682.92100707,2.527373545234057,79381415.65809572,2.3402211868279155,32707204.36144292,2.1816429275536757,"1.6, 1.9",Forest,Forest
Lepilemur mustelinus,MAMMALIA,PRIMATES,LEPILEMURIDAE,Lepilemur,mustelinus,Vulnerable,lepilemur_mustelinus_bin,Lepilemur mustelinus,original,Lepilemur mustelinus,original,773,herbivore,NA,56.431688647934806,0.041742,1.1441281047155514,0.17720540071710159,8.860270035855079,283320721.744947,2.522727326906258,92378313.6679533,2.3260339882573122,35528414.34570663,2.158089132660168,"1.6, 1.9",Forest,Forest
Mentocrex kioloides,AVES,GRUIFORMES,RALLIDAE,Mentocrex,kioloides,Least Concern,mentocrex_kioloides_bin,Mentocrex kioloides,original,Canirallus kioloides,synonym,246,Omnivore,40_30_30,6.1294091571388245,0.9102,11.448528289697327,1.631478621125033,81.57393105625165,1895684.4828061778,1.8804811067566127,491261.9627749075,1.6616098263524164,149441.5723935677,1.4719966783229277,"1.5, 1.6, 5.1, 5.7","Forest, Wetlands (inland)","Forest, Wetlands (inland)"
Calicalicus madagascariensis,AVES,PASSERIFORMES,VANGIDAE,Calicalicus,madagascariensis,Least Concern,calicalicus_madagascariensis_bin,Calicalicus madagascariensis,original,Calicalicus madagascariensis,original,16.39,Invertebrate,80_0_20,45.085419431383265,0.06064300000000001,2.9550959375289327,0.22180119706370424,11.090059853185211,55023437.60852195,2.3611288033186084,2498775.477403562,1.8533356791221167,145768.3324956675,1.4099681008319893,"1.5, 1.6, 1.9, 3.5","Forest, Shrubland","Forest, Shrubland"
Coua cristata,AVES,CUCULIFORMES,CUCULIDAE,Coua,cristata,Least Concern,coua_cristata_bin,Coua cristata,original,Coua cristata,original,147,Invertebrate,70_30_0,9.27276645407478,0.5439,8.8499491523963,1.0784268157218224,53.92134078609112,39508647.2297111,2.460653310218288,7701220.762374169,2.1635933016582505,1483328.0985268552,1.8736381500467219,"1.5, 1.6, 1.7, 2.1, 2.2, 3.5","Forest, Savanna, Shrubland","Forest, Savanna, Shrubland"
Brachypteracias leptosomus,AVES,CORACIIFORMES,BRACHYPTERACIIDAE,Brachypteracias,leptosomus,Vulnerable,brachypteracias_leptosomus_bin,Brachypteracias leptosomus,original,Brachypteracias leptosomus,original,185,Invertebrate,80_0_20,5.547881611557044,0.6845,9.928141820099066,1.8024897970368627,90.12448985184314,21551733.21236372,2.3603686569423328,5577292.265130937,2.102865853895149,1075463.7429556851,1.8199909293776986,"1.6, 1.9",Forest,Forest
Lophotibis cristata,AVES,PELECANIFORMES,THRESKIORNITHIDAE,Lophotibis,cristata,Vulnerable,lophotibis_cristata_bin,Lophotibis cristata,original,Lophotibis cristata,original,583,Invertebrate,80_0_20,2.0607102848966052,2.1571,17.62448297113989,4.852695729861776,242.6347864930888,13537659.25699917,2.355415610643593,4192707.9593592,2.1149386378392308,1275700.7614699423,1.8924261063135612,"1.5, 1.6, 1.9",Forest,Forest
Atelornis crossleyi,AVES,CORACIIFORMES,BRACHYPTERACIIDAE,Atelornis,crossleyi,Near Threatened,atelornis_crossleyi_bin,Atelornis crossleyi,original,Atelornis crossleyi,original,79,Invertebrate,100_0_0,7.417276761471935,0.2923,6.487773115638369,1.3482037035403183,67.41018517701592,157131168.64037955,2.7151629672206057,23663138.409468498,2.354714462726773,3017828.094935683,1.9915044547850356,"1.6, 1.9",Forest,Forest
Turnix nigricollis,AVES,CHARADRIIFORMES,TURNICIDAE,Turnix,nigricollis,Least Concern,turnix_nigricollis_bin,Turnix nigricollis,original,Turnix nigricollis,original,61.3,Omnivore,50_50_0,9.257160034273275,0.22681,5.714948818668458,1.0802449091272561,54.0122454563628,21112556.41176307,2.267385983010854,2782162.028005544,1.9267180994623343,434607.53294929845,1.6267582774100129,"1.5, 14.1, 2.1, 3.5, 4.5","Forest, Artificial - Terrestrial, Savanna, Shrubland, Grassland","Forest, Artificial - Terrestrial, Savanna, Shrubland, Grassland, Arable & Pastureland"
Buteo brachypterus,AVES,ACCIPITRIFORMES,ACCIPITRIDAE,Buteo,brachypterus,Least Concern,buteo_brachypterus_bin,Buteo brachypterus,original,Buteo brachypterus,original,511,VertFishScav,10_0_90,0.7484350248288095,9.834106605209556,37.63125497708223,13.361213289406535,668.0606644703267,64469.14571973595,1.3119799555088898,18006.886454875228,1.1066730932500917,6230.352415921976,0.9429959016407066,"1.6, 1.9, 14.1, 14.3, 2.1, 3.5, 6","Forest, Artificial - Terrestrial, Savanna, Shrubland, Rocky Areas","Forest, Artificial - Terrestrial, Savanna, Shrubland, Rocky Areas, Arable & Pastureland, Plantations & Heavily Degraded Former Forest"
Pterocles personatus,AVES,PTEROCLIFORMES,PTEROCLIDAE,Pterocles,personatus,Least Concern,pterocles_personatus_bin,Pterocles personatus,original,Pterocles personatus,original,244.5,PlantSeed,0_100_0,6.879179775974185,0.9046500000000001,11.413570869802315,1.4536616756150793,72.68308378075396,241139.41643812048,1.5102220765781202,65810.3280418827,1.3021726121722792,21227.53769978071,1.1279290462427072,"2.1, 3.5, 5.1, 5.5, 6","Savanna, Shrubland, Wetlands (inland), Rocky Areas","Savanna, Shrubland, Wetlands (inland), Rocky Areas"
Corythornis madagascariensis,AVES,CORACIIFORMES,ALCEDINIDAE,Corythornis,madagascariensis,Least Concern,corythornis_madagascariensis_bin,Corythornis madagascariensis,original,Ceyx madagascariensis,synonym,17.7,VertFishScav,20_0_80,7.2854854396234066,0.22000324454620362,5.6285404160095815,1.3725921330668267,68.62960665334134,230120.33689537094,1.400693823516511,14683.510653698464,0.9995851543858087,1929.4353662232575,0.7180335219456938,"1.6, 2.1, 3.5","Forest, Savanna, Shrubland","Forest, Savanna, Shrubland"
Lepidopygia nana,AVES,PASSERIFORMES,ESTRILDIDAE,Lepidopygia,nana,Least Concern,lepidopygia_nana_bin,Lepidopygia nana,original,Lonchura nana,synonym,8.2,PlantSeed,0_100_0,96.7376814272726,0.03034,2.0902057315010882,0.10337233487984722,5.168616743992361,227610.94035595824,1.3634287886352094,8390.56885734849,0.9080017074031203,820.8713649833323,0.6008270413754521,"1.5, 1.6, 14.1, 14.2, 14.4, 2.1, 3.5, 4.5, 5.4","Forest, Artificial - Terrestrial, Savanna, Shrubland, Grassland, Wetlands (inland)","Forest, Artificial - Terrestrial, Savanna, Shrubland, Grassland, Wetlands (inland), Arable & Pastureland, Urban & Rural Gardens"
Eremopterix hova,AVES,PASSERIFORMES,ALAUDIDAE,Eremopterix,hova,Least Concern,eremopterix_hova_bin,Eremopterix hova,original,Mirafra hova,synonym,18.9,Omnivore,50_50_0,55.51411440094052,0.06993,3.173313725429618,0.180134369572697,9.00671847863485,30700698.20321389,2.257361596579648,1818676.7206678619,1.8006477665496652,155829.04988049422,1.418558211924666,"2.1, 3.5, 4.5","Savanna, Shrubland, Grassland","Savanna, Shrubland, Grassland"
Acrocephalus newtoni,AVES,PASSERIFORMES,ACROCEPHALIDAE,Acrocephalus,newtoni,Least Concern,acrocephalus_newtoni_bin,Acrocephalus newtoni,original,Acrocephalus newtoni,original,17,Invertebrate,100_0_0,51.02709167150347,0.06290000000000001,3.0095846889562687,0.19597432799770143,9.798716399885071,339913095.9413936,2.735580535826765,18886703.743180018,2.230113443455219,1106671.7355441893,1.7555801303847896,"1.7, 5.16, 5.4","Forest, Wetlands (inland)","Forest, Wetlands (inland)"
Motacilla flaviventris,AVES,PASSERIFORMES,MOTACILLIDAE,Motacilla,flaviventris,Least Concern,motacilla_flaviventris_bin,Motacilla flaviventris,original,Motacilla flaviventris,original,22.5,Invertebrate,90_0_10,48.13219437333782,0.08325,3.462369131100842,0.20776114885672792,10.388057442836395,159275539.73534828,2.60480229080182,10314375.52628693,2.1345776448239886,837790.4918981123,1.7144262780514228,"12.1, 12.2, 12.3, 12.6, 14.1, 14.2, 14.3, 14.4, 15.3, 15.8, 4.5, 5.1, 5.16, 5.5","Marine Intertidal, Artificial - Terrestrial, Artificial - Aquatic, Grassland, Wetlands (inland)","Marine Intertidal, Artificial - Terrestrial, Artificial - Aquatic, Grassland, Wetlands (inland), Arable & Pastureland, Plantations & Heavily Degraded Former Forest, Urban & Rural Gardens"
Monticola sharpei,AVES,PASSERIFORMES,MUSCICAPIDAE,Monticola,sharpei,Least Concern,monticola_sharpei_bin,Monticola sharpei,original,Monticola sharpei,original,24.8,Omnivore,50_50_0,58.609763446188,0.09176,3.635029573469795,0.17062003686777213,8.531001843388607,28223071.508314997,2.2601405302843682,2053520.342397258,1.8331228916971394,204015.1831082116,1.4712293140485526,"1.6, 1.9, 14.3, 3.6, 3.7, 4.5, 6","Forest, Artificial - Terrestrial, Shrubland, Grassland, Rocky Areas","Forest, Artificial - Terrestrial, Shrubland, Grassland, Rocky Areas, Plantations & Heavily Degraded Former Forest"
Xanthomixis cinereiceps,AVES,PASSERIFORMES,BERNIERIDAE,Xanthomixis,cinereiceps,Near Threatened,xanthomixis_cinereiceps_bin,Xanthomixis cinereiceps,original,Bernieria cinereiceps,synonym,18.2,Invertebrate,100_0_0,51.304717357848325,0.06734000000000001,3.1139942196478145,0.19491385032394595,9.745692516197296,328897907.96950376,2.734996684724578,19374471.63080522,2.2381233726679985,1171101.2832375371,1.768106155263601,1.9,Forest,Forest
Oxylabes madagascariensis,AVES,PASSERIFORMES,BERNIERIDAE,Oxylabes,madagascariensis,Near Threatened,oxylabes_madagascariensis_bin,Oxylabes madagascariensis,original,Oxylabes madagascariensis,original,23.3,Invertebrate,100_0_0,47.156709537676605,0.08621000000000001,3.5233847363011606,0.21205890101408242,10.602945050704122,292566736.1504832,2.7330514210784256,21005431.554936886,2.2652863911534173,1417126.7118035664,1.811208963256154,"1.6, 1.9",Forest,Forest
Neomixis viridis,AVES,PASSERIFORMES,CISTICOLIDAE,Neomixis,viridis,Near Threatened,neomixis_viridis_bin,Neomixis viridis,original,Neomixis viridis,original,7,Invertebrate,100_0_0,103.77108560120412,0.025900000000000003,1.9312172327317296,0.09636595726125817,4.8182978630629085,524701126.6698457,2.7425260848025776,11985128.93671039,2.1081499552155463,462516.7623618504,1.5752988977659057,"1.6, 1.9",Forest,Forest
Hypositta corallirostris,AVES,PASSERIFORMES,VANGIDAE,Hypositta,corallirostris,Near Threatened,hypositta_corallirostris_bin,Hypositta corallirostris,original,Hypositta corallirostris,original,14.1,Invertebrate,70_0_30,47.46155494861394,0.05217,2.740890366286109,0.21069684739210254,10.534842369605126,21677523.128712513,2.174031560438108,856039.4073985082,1.6590325454126849,53441.53433570126,1.2382772097280386,"1.6, 1.9",Forest,Forest
Newtonia brunneicauda,AVES,PASSERIFORMES,VANGIDAE,Newtonia,brunneicauda,Least Concern,newtonia_brunneicauda_bin,Newtonia brunneicauda,original,Newtonia brunneicauda,original,10.1,Invertebrate,100_0_0,84.62018572416699,0.03737,2.3197586081314583,0.11817511288141812,5.908755644070906,439289108.4358716,2.7401926783015247,14868004.267124308,2.1622774172655004,681356.4402374157,1.65264228463267,"1.5, 1.6, 1.7, 1.9, 3.5","Forest, Shrubland","Forest, Shrubland"
Mystacornis crossleyi,AVES,PASSERIFORMES,VANGIDAE,Mystacornis,crossleyi,Near Threatened,mystacornis_crossleyi_bin,Mystacornis crossleyi,original,Mystacornis crossleyi,original,24.5,Invertebrate,100_0_0,39.30551046537189,0.09065000000000001,3.6129766121579037,0.2544172529907731,12.720862649538656,285746939.3857278,2.7326594188795177,21306450.321418114,2.2704561951129034,1469534.8918107685,1.8195762814036236,"1.6, 1.9",Forest,Forest
Cyanolanius madagascarinus,AVES,PASSERIFORMES,VANGIDAE,Cyanolanius,madagascarinus,Near Threatened,cyanolanius_madagascarinus_bin,Cyanolanius madagascarinus,original,Cyanolanius madagascarinus,original,22.3,Invertebrate,90_10_0,40.588075502898434,0.08251,3.446946474780251,0.2463777815552228,12.31888907776114,226905685.3274661,2.6748893648660657,16109102.993022501,2.2128313942233255,1193838.9931623095,1.775060868405142,"1.5, 1.6, 1.7, 1.9, 14.6","Forest, Artificial - Terrestrial","Forest, Artificial - Terrestrial, Plantations & Heavily Degraded Former Forest"
Xanthomixis zosterops,AVES,PASSERIFORMES,BERNIERIDAE,Xanthomixis,zosterops,Near Threatened,xanthomixis_zosterops_bin,Xanthomixis zosterops,original,Bernieria zosterops,synonym,10.850000000000001,Invertebrate,100_0_0,61.21001104711295,0.04014500000000001,2.4043460649415676,0.16337196855434424,8.168598427717212,424188544.22010344,2.7396503828306353,15436649.358054,2.1722530780842666,731740.7030171307,1.6673320428338472,1.6,Forest,Forest
Bernieria madagascariensis,AVES,PASSERIFORMES,BERNIERIDAE,Bernieria,madagascariensis,Near Threatened,bernieria_madagascariensis_bin,Bernieria madagascariensis,original,Bernieria madagascariensis,original,25.330000000000002,Invertebrate,80_0_20,51.92342592177676,0.09372100000000001,3.673666288600531,0.19259129809857145,9.629564904928571,47199651.99342019,2.3639461378468933,3169842.1829834776,1.9125068449762972,227200.57641700224,1.4958083790113315,"1.5, 1.6",Forest,Forest
Coua gigas,AVES,CUCULIFORMES,CUCULIDAE,Coua,gigas,Vulnerable,coua_gigas_bin,Coua gigas,original,Coua gigas,original,424,Invertebrate,90_10_0,3.3225999462428653,1.5688,15.030209579377129,3.009691254376807,150.48456271884035,48015178.33642015,2.6196230625302492,12722100.446331004,2.3374231991305074,3931882.3490124485,2.0922994606324545,"1.5, 3.5","Forest, Shrubland","Forest, Shrubland"
Pseudobias wardi,AVES,PASSERIFORMES,VANGIDAE,Pseudobias,wardi,Near Threatened,pseudobias_wardi_bin,Pseudobias wardi,original,Pseudobias wardi,original,12.7,Invertebrate,100_0_0,49.18596739275726,0.04699,2.6012612325562383,0.20331001970843662,10.165500985421831,392621433.85906607,2.7383405948190918,16677255.245970584,2.1934732971247017,851704.0351987842,1.699087945176977,"1.5, 1.6, 1.9",Forest,Forest
Neomixis striatigula,AVES,PASSERIFORMES,CISTICOLIDAE,Neomixis,striatigula,Near Threatened,neomixis_striatigula_bin,Neomixis striatigula,original,Neomixis striatigula,original,8.3,Invertebrate,100_0_0,97.91035538540457,0.03071,2.102912266358252,0.10213424270228615,5.106712135114307,483234740.8553365,2.741526171904575,13312730.582752684,2.1339302852644595,556304.7747388296,1.611663619051091,"1.6, 1.7",Forest,Forest
Gactornis enarratus,AVES,CAPRIMULGIFORMES,CAPRIMULGIDAE,Gactornis,enarratus,Near Threatened,gactornis_enarratus_bin,Gactornis enarratus,original,Caprimulgus enarratus,synonym,52.8,Invertebrate,100_0_0,9.677871786697422,0.19536,5.3039457010795275,1.033285025923298,51.6642512961649,195715915.99538407,2.723354418721518,24132100.566299062,2.3348220999431737,2392370.8710759613,1.9363786226080846,"1.5, 1.6, 1.7",Forest,Forest
Coracopsis nigra,AVES,PSITTACIFORMES,PSITTACIDAE,Coracopsis,nigra,Vulnerable,coracopsis_nigra_bin,Coracopsis nigra,original,Coracopsis nigra,original,186.23999999999998,FruiNect,0_100_0,10.306401877275169,0.689088,9.961358943437387,0.9702707229037166,48.51353614518583,240318.53172095944,1.4983524217107391,59630.48689487966,1.2787664719711682,18156.124790524755,1.0969847119923453,"1.5, 1.6, 1.7, 1.8, 2.1","Forest, Savanna","Forest, Savanna"
Athene superciliaris,AVES,STRIGIFORMES,STRIGIDAE,Athene,superciliaris,Least Concern,athene_superciliaris_bin,Athene superciliaris,original,Ninox superciliaris,synonym,231,Invertebrate,60_0_40,5.081762549344674,0.8547000000000001,11.093998377501233,1.9678211846575877,98.39105923287939,5465393.553457498,2.088755596954702,1498980.9429139858,1.8530943180052986,306967.40641612007,1.5917427437366443,"1.6, 1.9, 2.1, 3.5","Forest, Savanna, Shrubland","Forest, Savanna, Shrubland"
Alectroenas madagascariensis,AVES,COLUMBIFORMES,COLUMBIDAE,Alectroenas,madagascariensis,Near Threatened,alectroenas_madagascariensis_bin,Alectroenas madagascariensis,original,Alectroenas madagascariensis,original,173,FruiNect,0_100_0,20.461738311097466,0.6401,9.600749970705413,0.48871703117112386,24.435851558556195,240058.64464925526,1.495118517800844,57952.01180374857,1.2720854916960773,17325.928866457478,1.0878034254999818,"1.6, 1.9, 14.4, 14.5, 14.6","Forest, Artificial - Terrestrial","Forest, Artificial - Terrestrial, Plantations & Heavily Degraded Former Forest, Urban & Rural Gardens"
Polyboroides radiatus,AVES,ACCIPITRIFORMES,ACCIPITRIDAE,Polyboroides,radiatus,Least Concern,polyboroides_radiatus_bin,Polyboroides radiatus,original,Polyboroides radiatus,original,570,Invertebrate,60_0_40,1.0944615922752627,2.109,17.426875795735736,9.136912679787258,456.8456339893629,4265639.325916527,2.099556726661853,1388849.1083103765,1.8840447977312786,378462.90840255376,1.658598525772595,"1.6, 1.9, 14.1, 14.3, 2.1, 4.5, 5.4","Forest, Artificial - Terrestrial, Savanna, Grassland, Wetlands (inland)","Forest, Artificial - Terrestrial, Savanna, Grassland, Wetlands (inland), Arable & Pastureland, Plantations & Heavily Degraded Former Forest"
Tylas eduardi,AVES,PASSERIFORMES,VANGIDAE,Tylas,eduardi,Near Threatened,tylas_eduardi_bin,Tylas eduardi,original,Tylas eduardi,original,46.8,Invertebrate,100_0_0,31.515718869620496,0.17315999999999998,4.993499774707114,0.31730198004905663,15.865099002452832,208542174.97590962,2.725453617359103,23958000.55310158,2.3266527755387982,2227590.1551853,1.9189631675077532,"1.5, 1.6, 1.7, 1.9, 14.6","Forest, Artificial - Terrestrial","Forest, Artificial - Terrestrial, Plantations & Heavily Degraded Former Forest"
Aviceda madagascariensis,AVES,ACCIPITRIFORMES,ACCIPITRIDAE,Aviceda,madagascariensis,Least Concern,aviceda_madagascariensis_bin,Aviceda madagascariensis,original,Aviceda madagascariensis,original,292,VertFishScav,30_0_70,0.9059360462827103,5.225187952826708,27.43040402923453,11.038306777870893,551.9153388935447,746137.286066325,1.7149901844246265,183381.0671995066,1.4818312407223466,52077.136366574974,1.2754153178959615,"1.6, 1.9, 14.3, 14.6, 2.1, 3.5","Forest, Artificial - Terrestrial, Savanna, Shrubland","Forest, Artificial - Terrestrial, Savanna, Shrubland, Plantations & Heavily Degraded Former Forest"
Vanga curvirostris,AVES,PASSERIFORMES,VANGIDAE,Vanga,curvirostris,Least Concern,vanga_curvirostris_bin,Vanga curvirostris,original,Vanga curvirostris,original,64.16999999999999,Omnivore,50_0_50,35.910149997404105,0.23742899999999997,5.847202407989653,0.27847279949325987,13.923639974662994,3833518.8380709775,1.9397496842643744,457223.0515894989,1.5950928306702195,72055.84098959032,1.3087667292547949,"1.5, 1.6, 1.7, 1.9, 14.3, 14.6, 2.1","Forest, Artificial - Terrestrial, Savanna","Forest, Artificial - Terrestrial, Savanna, Plantations & Heavily Degraded Former Forest"
Atelornis pittoides,AVES,CORACIIFORMES,BRACHYPTERACIIDAE,Atelornis,pittoides,Least Concern,atelornis_pittoides_bin,Atelornis pittoides,original,Atelornis pittoides,original,91.5,Invertebrate,80_0_20,7.054610189658156,0.33855,6.9822059551405395,1.41751276557558,70.87563827877901,28570932.5630862,2.3628225106691687,5205165.804033227,2.056149189889086,707216.2111924691,1.7246615967399028,"1.5, 1.6, 1.9, 14.3","Forest, Artificial - Terrestrial","Forest, Artificial - Terrestrial, Plantations & Heavily Degraded Former Forest"
Leptopterus chabert,AVES,PASSERIFORMES,VANGIDAE,Leptopterus,chabert,Least Concern,leptopterus_chabert_bin,Leptopterus chabert,original,Leptopterus chabert,original,19.6,Invertebrate,70_10_20,42.415701645699606,0.072520000000000015,3.231544522360786,0.2357617488808857,11.788087444044285,31447390.88001603,2.2648076849825505,1649982.1852039502,1.788919806528788,127792.30389384512,1.3895269292865438,"1.5, 1.6, 1.7, 1.9, 14.3, 14.6, 3.5, 3.6","Forest, Artificial - Terrestrial, Shrubland","Forest, Artificial - Terrestrial, Shrubland, Plantations & Heavily Degraded Former Forest"
Artamella viridis,AVES,PASSERIFORMES,VANGIDAE,Artamella,viridis,Least Concern,artamella_viridis_bin,Artamella viridis,original,Artamella viridis,original,48.8,Invertebrate,60_20_20,31.06882648678574,0.18056,5.099082270369836,0.32186603521228013,16.093301760614008,12863329.682441559,2.1486856874058007,1315302.4731501446,1.7846351335769806,213698.40335270754,1.49719788002422,"1.5, 1.6, 1.7, 1.9, 14.6, 2.1","Forest, Artificial - Terrestrial, Savanna","Forest, Artificial - Terrestrial, Savanna, Plantations & Heavily Degraded Former Forest"
Sarothrura insularis,AVES,GRUIFORMES,RALLIDAE,Sarothrura,insularis,Least Concern,sarothrura_insularis_bin,Sarothrura insularis,original,Sarothrura insularis,original,26.8,Omnivore,50_50_0,13.061732135686466,0.09916000000000001,3.7787617019335844,0.7655952438864223,38.279762194321115,27545814.422483232,2.260865369998297,2120295.726355982,1.8420236442796705,219505.67570265435,1.4857341259400203,"1.6, 14.1, 14.6, 3.5, 4.5, 5.4","Forest, Artificial - Terrestrial, Shrubland, Grassland, Wetlands (inland)","Forest, Artificial - Terrestrial, Shrubland, Grassland, Wetlands (inland), Arable & Pastureland, Plantations & Heavily Degraded Former Forest"
Otus rutilus,AVES,STRIGIFORMES,STRIGIDAE,Otus,rutilus,Least Concern,otus_rutilus_bin,Otus rutilus,original,Otus rutilus,original,101,Invertebrate,90_0_10,6.739570128352532,0.37370000000000003,7.335720823477404,1.483774159116061,74.18870795580304,84757455.10785548,2.60052511482536,13443182.305982845,2.259298098031816,2400340.1925646598,1.9499420386619088,"1.5, 1.6, 14.3, 14.4, 14.5, 14.6, 3.5","Forest, Artificial - Terrestrial, Shrubland","Forest, Artificial - Terrestrial, Shrubland, Plantations & Heavily Degraded Former Forest, Urban & Rural Gardens"
Cinnyris notatus,AVES,PASSERIFORMES,NECTARINIIDAE,Cinnyris,notatus,Least Concern,cinnyris_notatus_bin,Cinnyris notatus,original,Nectarinia notata,synonym,14.57,Omnivore,40_60_0,128.5391634743686,0.053909,2.786197408655747,0.07779730106921114,3.8898650534605563,18441162.509768814,2.1424812354115716,810783.2839738266,1.652004144614702,64046.369693268876,1.2652616636305414,"1.5, 1.6, 1.7, 14.4","Forest, Artificial - Terrestrial","Forest, Artificial - Terrestrial, Urban & Rural Gardens"
Treron australis,AVES,COLUMBIFORMES,COLUMBIDAE,Treron,australis,Least Concern,treron_australis_bin,Treron australis,original,Treron australis,original,229,FruiNect,0_100_0,10.104077055117337,0.8473,11.045868005729563,0.9896994990685839,49.484974953429194,240951.43540404705,1.5073673356254886,64338.28053120604,1.2967246020873653,20493.113024062663,1.1208888383979705,"1.5, 1.6, 14.3, 14.6, 2.1, 3.5","Forest, Artificial - Terrestrial, Savanna, Shrubland","Forest, Artificial - Terrestrial, Savanna, Shrubland, Plantations & Heavily Degraded Former Forest"
